box,label
1,h
2,9
3,B
4,x
5,C
6,5
7,z
8,3
9,O
10,r
11,C
12,V
13,9
14,J
15,I
16,L
17,c
18,S
19,h
20,f
21,U
22,N
23,G
24,Y
25,m
26,B
27,V
28,e
29,G
30,U
31,u
32,7
33,i
34,Z
35,p
36,F
37,a
38,3
39,X
40,4
41,9
42,J
43,0
44,P
45,5
46,e
47,V
48,Z
49,M
50,J
51,6
52,y
53,o
54,E
55,h
56,W
57,S
58,D
59,Q
60,9
61,6
62,V
63,I
64,C
65,m
66,b
67,K
68,L
69,t
70,j
71,v
72,X
73,b
74,Q
75,c
76,L
77,y
78,T
79,d
80,t
81,b
82,1
83,l
84,M
85,F
86,n
87,w
88,M
89,o
90,P
91,j
92,8
93,6
94,w
95,A
96,4
97,P
98,h
99,u
100,8
101,k
102,q
103,B
104,T
105,K
106,o
107,O
108,4
109,3
110,u
111,X
112,B
113,i
114,v
115,p
116,r
117,O
118,2
119,1
120,s
121,y
122,u
123,Z
124,D
125,5
126,8
127,O
128,w
129,a
130,Z
131,d
132,e
133,f
134,E
135,P
136,r
137,N
138,k
139,7
140,p
141,q
142,2
143,t
144,c
145,s
146,8
147,d
148,e
149,w
150,e
151,H
152,8
153,x
154,k
155,n
156,r
157,h
158,W
159,E
160,a
161,u
162,t
163,s
164,O
165,U
166,b
167,n
168,N
169,L
170,6
171,S
172,1
173,a
174,v
175,X
176,q
177,Q
178,C
179,5
180,z
181,I
182,1
183,U
184,q
185,c
186,G
187,d
188,t
189,g
190,k
191,j
192,x
193,2
194,A
195,0
196,j
197,c
198,R
199,6
200,o
201,M
202,g
203,M
204,Q
205,z
206,4
207,r
208,Z
209,D
210,j
211,g
212,s
213,P
214,F
215,X
216,F
217,g
218,n
219,v
220,W
221,J
222,w
223,0
224,R
225,D
226,V
227,l
228,A
229,E
230,k
231,l
232,i
233,f
234,7
235,x
236,K
237,p
238,Y
239,T
240,F
241,T
242,o
243,G
244,z
245,B
246,i
247,3
248,a
249,W
250,H
251,L
252,H
253,S
254,y
255,p
256,v
257,m
258,g
259,f
260,G
261,Y
262,I
263,n
264,2
265,H
266,Y
267,s
268,U
269,y
270,W
271,9
272,T
273,0
274,l
275,m
276,N
277,C
278,2
279,m
280,l
281,d
282,R
283,x
284,K
285,I
286,z
287,A
288,H
289,R
290,i
291,D
292,N
293,A
294,q
295,7
296,S
297,R
298,J
299,3
300,0
301,7
302,b
303,4
304,E
305,5
306,1
307,K
308,Q
309,Y
310,f
